ASIN,Seller_canada,priceTotal_canada,Condition_canada,Seller_usa,priceTotal_usa,Condition_usa,is_FBA_usa,lowestPriceFloorusa,US_ConvertedPriceTo_CAD,ProfitFactor,PF_10pctBelow,PF_15pctBelow
1683834372,Kennys Bookshop & Art Gallery,74.51,New,Amazon,60.74,New,False,60.74,80.78420000000001,-0.18,-0.27,-0.31
0528021133,Amazon,92.07,New,Audiovideodirect,39.99,New,True,39.99,53.18670000000001,-0.57,-0.61,-0.63
1628253827,Amazon,71.7,New,Amazon,60.24,New,False,60.24,80.1192,-0.16,-0.24,-0.29
0714876909,Amazon,78.29,New,Amazon,50.8,New,False,50.8,67.564,-0.35,-0.42,-0.45
1119110661,Amazon,62.32,New,FranklinMedia,46.17,Used - Acceptable,True,46.17,61.4061,-0.26,-0.33,-0.37
0310437571,BookOutlet Canada,70.83,Used - Like New,RentU,42.68,Used - Good,True,42.68,56.7644,-0.4,-0.46,-0.49
0393292495,Amazon,117.28,New,SummitPark Prints,76.89,New,True,76.89,102.2637,-0.34,-0.41,-0.44
1496351290,fakeDict,-99.0,something wrong happened,Pearl 4 Books,71.98,Used - Very Good,True,71.98,95.73340000000002,-1.73,-1.65,-1.62
0134093410,Amazon,186.56,New,💲Value_Text📚,154.99,Used - Good,False,154.99,206.1367,-0.17,-0.25,-0.29
149250162X,Canada Thrift,119.99,Used - Very Good,Audrey's Corner,91.0,Used - Good,True,91.0,121.03,-0.24,-0.32,-0.36
1975136411,Amazon,121.05,New,Amazon,82.0,New,False,82.0,109.06,-0.32,-0.39,-0.42
0692196382,Book Depository CA,93.93,New,Amazon,74.99,New,False,74.99,99.7367,-0.2,-0.28,-0.32
154760218X,Amazon,133.51,New,Collect Musings,84.95,Used - Acceptable,True,84.95,112.9835,-0.36,-0.43,-0.46
1634022351,Amazon,120.95,New,Amazon,80.57,New,False,80.57,107.1581,-0.33,-0.4,-0.43
019064625X,Amazon,116.29,New,Amazon,71.86,New,False,71.86,95.5738,-0.38,-0.44,-0.47
032119991X,Amazon,95.0,New,arcadiabooks,86.99,Used - Very Good,True,86.99,115.6967,-0.08,-0.18,-0.22
0134414233,Alpha Textbooks Inc.,162.48000000000005,Used - Like New,🕗 24HourTextBooks 🕗,146.88,Used - Good,True,146.88,195.3504,-0.1,-0.19,-0.23
0134462459,Amazon,199.0,New,Half-Price Hank's Books,107.11,Used - Acceptable,True,107.11,142.4563,-0.46,-0.52,-0.54
1408856786,byway-books-uk,129.99,New,RentU,109.8,Used - Acceptable,True,109.8,146.034,-0.16,-0.24,-0.28
0310452856,Amazon,83.79,New,Amazon,54.91,New,False,54.91,73.0303,-0.34,-0.41,-0.44
0310916410,Amazon,72.26,New,North End Distributing,44.19,Used - Very Good,True,44.19,58.7727,-0.39,-0.45,-0.48
133816368X,Amazon,71.98,New,Amazon,65.64,Used - Acceptable,True,65.64,87.30120000000002,-0.09,-0.18,-0.22
1506248446,Amazon,82.76,New,Amazon,50.99,New,False,50.99,67.81670000000001,-0.38,-0.45,-0.48
0310421314,Amazon,86.13,New,Lower-Christian-Prices,66.98,New,True,66.98,89.08340000000003,-0.22,-0.3,-0.34
1107189632,Amazon,85.95,New,Amazon,66.58,New,False,66.58,88.5514,-0.23,-0.3,-0.34
0310434807,BookOutlet Canada,77.97999999999998,Used - Like New,Amazon,54.51,New,False,54.51,72.4983,-0.3,-0.37,-0.41
1414307225,Amazon,72.08,New,Loving Wisdom,54.79,Used - Good,True,54.79,72.8707,-0.24,-0.32,-0.35
1422184056,Amazon,99.15,New,FlippingPages,64.29,Used - Good,True,64.29,85.50570000000002,-0.35,-0.42,-0.45
1482253445,Amazon,124.51,New,apex_media,100.62,New,True,100.62,133.8246,-0.19,-0.27,-0.31
1506236227,Amazon,233.85,New,Amazon,117.48,New,False,117.48,156.2484,-0.5,-0.55,-0.57
1418542296,Amazon,90.51,New,Amazon,59.7,New,False,59.7,79.40100000000002,-0.34,-0.41,-0.44
0718024133,fakeDict,-99.0,something wrong happened,mazeh bargains,63.0,Used - Good,True,63.0,83.79,-1.64,-1.57,-1.54
0310452848,Amazon,82.87,New,Amazon,51.22,New,False,51.22,68.1226,-0.38,-0.44,-0.47
1119304148,University of Toronto Bookstore,108.54,New,Tome Dealers,111.2,Used - Good,True,111.2,147.89600000000004,0.02,-0.08,-0.13
0134014545,Amazon,171.99,New,Amazon,132.99,New,False,132.99,176.87670000000003,-0.23,-0.3,-0.34
0323554288,Book Depository CA,200.41,New,MediaAlternativesDotOrg,118.29,Used - Very Good,True,118.29,157.3257,-0.41,-0.47,-0.5
4874244475,Lightning Japan,65.0,New,SAKURA DREAMS,48.0,New,True,48.0,63.84,-0.26,-0.34,-0.37
1285741552,Canada Thrift,136.48,Used - Very Good,Bargain Lenders,183.33,Used - Very Good,True,183.33,243.82890000000003,0.34,0.21,0.14
1259277720,Hinoyama#CA,303.3400000000001,Used - Like New,Goodbooks Company,74.27,Used - Good,True,74.27,98.7791,-0.76,-0.78,-0.79
0134580990,Textbooks for Change,136.11,Used - Very Good,FranklinMedia,149.0,Used - Good,True,149.0,198.17,0.09,-0.01,-0.07
1305950445,Amazon,269.58,New,Aarilyn's Corner,94.95,Used - Very Good,True,94.95,126.2835,-0.65,-0.68,-0.7
1626886075,fakeDict,-99.0,something wrong happened,mediaus,69.18,New,True,69.18,92.0094,-1.7,-1.63,-1.59
0980232775,Amazon,106.31,New,Amazon,74.08,New,False,74.08,98.5264,-0.3,-0.37,-0.41
1414391978,Amazon,80.12,New,Amazon,51.77,New,False,51.77,68.8541,-0.35,-0.42,-0.45
1633696219,Amazon,73.45,New,Right Shift LLC,56.0,New,True,56.0,74.48,-0.24,-0.31,-0.35
0134583302,Amazon,78.15,New,TEXTBookAMAZING,36.97,New,True,36.97,49.1701,-0.53,-0.57,-0.6
089869244X,Amazon,99.24,New,FlippingPages,48.14,Used - Good,True,48.14,64.0262,-0.51,-0.56,-0.59
1305861868,Kennys Bookshop & Art Gallery,131.04999999999998,New,SuperExpressDeals,87.2,New,False,87.2,115.976,-0.33,-0.4,-0.43
0073383090,fakeDict,-99.0,something wrong happened,FranklinMedia,93.87,Used - Acceptable,True,93.87,124.8471,-1.95,-1.85,-1.81
0815344325,Kelowna Books,231.44,New,FranklinMedia,100.99,Used - Acceptable,True,100.99,134.3167,-0.56,-0.61,-0.63
0826134742,Distant_books,62.95,Used - Like New,itemspopularsonlineaindemand,40.25,New,True,40.25,53.53250000000001,-0.36,-0.42,-0.46
0134112830,fakeDict,-99.0,something wrong happened,FranklinMedia,69.1,Used - Acceptable,True,69.1,91.903,-1.7,-1.63,-1.59
1401207138,The Comic Hunter (Moncton),98.9,Used - Very Good,Amazon,72.99,New,False,72.99,97.0767,-0.26,-0.34,-0.37
1439840954,Amazon,93.4,New,Amazon,68.92,New,False,68.92,91.6636,-0.26,-0.34,-0.37
0521833787,Textbooks for Change,98.74,Used - Good,Amazon,67.35,New,False,67.35,89.57549999999998,-0.32,-0.39,-0.42
1319057446,Talk of the Tome Books,68.48,New,Perpetual Textbooks,64.5,Used - Very Good,True,64.5,85.78500000000003,-0.06,-0.15,-0.2
013454353X,Second Bind,155.03,Used - Like New,yin-yang,125.0,Used - Good,True,125.0,166.25,-0.19,-0.27,-0.31
1617952796,Amazon,82.6,New,Amazon,54.1,New,False,54.1,71.953,-0.35,-0.41,-0.44
0310452775,Amazon,68.39,New,Amazon,43.17,New,False,43.17,57.41610000000001,-0.37,-0.43,-0.46
0891896600,BLU-NEKO*CA,669.07,Used - Very Good,mediaus,89.0,New,True,89.0,118.37,-0.87,-0.88,-0.89
1433544040,Amazon,80.8,New,Amazon,80.99,New,False,80.99,107.7167,0.0,-0.1,-0.15
0134775651,Amazon,90.42,New,Amazon,58.46,New,False,58.46,77.7518,-0.35,-0.42,-0.45
1483344371,Amazon,92.37,New,Eric's Books & More,63.0,Used - Good,True,63.0,83.79,-0.32,-0.39,-0.42
0071390111,Amazon,121.72,New,BnM,80.21,Collectible - Like New,True,80.21,106.6793,-0.34,-0.41,-0.44
1591265304,fakeDict,-99.0,something wrong happened,PPI - ppi2pass (authorized publisher),94.5,New,True,94.5,125.685,-1.95,-1.86,-1.81
159126443X,Amazon,180.84,New,Tome Dealers,78.94,Used - Good,True,78.94,104.9902,-0.56,-0.61,-0.63
1479391271,Amazon,117.79,New,BuyLow Warehouse LLC,69.29,Used - Very Good,True,69.29,92.1557,-0.41,-0.47,-0.5
0190276096,Textbook Fortune,67.99,Used - Good,HigherEdBooks5,58.33,Used - Like New,True,58.33,77.5789,-0.14,-0.23,-0.27
1259706613,Amazon,288.92,New,Savage Textbooks 📚,99.99,Used - Good,True,99.99,132.9867,-0.65,-0.69,-0.71
1401897258,Amazon,95.45,New,Amazon,65.46,New,False,65.46,87.06179999999998,-0.31,-0.38,-0.42
1586179721,Book Depository CA,78.7,New,Amazon,56.0,New,False,56.0,74.48,-0.29,-0.36,-0.4
1111578702,Hinoyama#CA,228.47,Used - Good,Textbooks for Heroes,85.99,Used - Good,True,85.99,114.3667,-0.62,-0.66,-0.68
0781445418,Amazon,85.4,New,Amazon,60.99,New,False,60.99,81.11670000000002,-0.29,-0.36,-0.39
1305498208,Russell-books,321.91,New,Perpetual Textbooks,69.84,Used - Good,True,69.84,92.8872,-0.78,-0.8,-0.82
1305104943,Distant_books,76.41,Used - Like New,apex_media,45.66,New,True,45.66,60.7278,-0.4,-0.46,-0.49
928324494X,Amazon,189.0,New,Books In Demand,103.89,Used - Very Good,True,103.89,138.1737,-0.45,-0.51,-0.53
1418542253,Amazon,90.51,New,Inside Zone,59.99,Used - Like New,True,59.99,79.78670000000002,-0.34,-0.4,-0.44
013480208X,Book Depository CA,144.55,New,Eric's Books & More,75.83,Used - Acceptable,True,75.83,100.8539,-0.48,-0.53,-0.55
1626886059,fakeDict,-99.0,something wrong happened,apex_media,53.39,Used - Good,True,53.39,71.0087,-1.54,-1.49,-1.46
1319071236,BookMobCanada,88.0,Used - Good,Perpetual Textbooks,76.98,Used - Good,True,76.98,102.3834,-0.13,-0.21,-0.26
031043758X,Russell-books,131.42000000000002,New,Castle Combe Books,54.8,Used - Very Good,True,54.8,72.884,-0.58,-0.62,-0.65
0134605187,Amazon,197.0,New,The Book Trail,99.5,Used - Like New,True,99.5,132.335,-0.49,-0.55,-0.57
1684470560,Book Depository CA,110.2,New,Amazon,78.34,New,False,78.34,104.1922,-0.29,-0.36,-0.4
0134060490,Amazon,199.0,New,Open Range Media,97.38,Used - Good,True,97.38,129.5154,-0.51,-0.56,-0.58
0393655776,Amazon,78.93,New,cheap affordable textbooks,52.99,Used - Like New,True,52.99,70.47670000000002,-0.33,-0.4,-0.43
1591265177,Amazon,112.5,New,Patrick  Miller,31.99,Used - Like New,True,31.99,42.5467,-0.72,-0.74,-0.76
1401243142,Amazon,123.43,New,Amazon,83.91,New,False,83.91,111.6003,-0.32,-0.39,-0.42
1535963433,Amazon,104.45,New,Amazon,79.99,New,False,79.99,106.3867,-0.23,-0.31,-0.35
1462513263,Amazon,95.09,New,Amazon,69.99,New,False,69.99,93.0867,-0.26,-0.34,-0.37
1319056644,Amazon,111.55,New,💲Value_Text📚,74.99,Used - Acceptable,False,74.99,99.7367,-0.33,-0.39,-0.43
013432076X,University of Toronto Bookstore,182.99,New,FranklinMedia,111.77,Used - Acceptable,True,111.77,148.6541,-0.39,-0.45,-0.48
032198238X,Textbooks for Change,142.12,Used - Very Good,Mega Discount Books,144.92,Used - Acceptable,True,144.92,192.7436,0.02,-0.08,-0.13
1526600420,Amazon,188.52,New,Amazon,136.66,New,False,136.66,181.7578,-0.28,-0.35,-0.38
1337109657,Prestivo3,141.45,New,Flippin’ Fast Shippin’,79.24,Used - Like New,True,79.24,105.3892,-0.44,-0.5,-0.52
1612785093,Amazon,78.63,New,Amazon,51.99,New,False,51.99,69.14670000000001,-0.34,-0.4,-0.44
019527301X,Amazon,84.89,New,Amazon,65.31,New,False,65.31,86.8623,-0.23,-0.31,-0.35
0814252702,Amazon,96.53,New,eCampus_,56.11,Used - Good,True,56.11,74.6263,-0.42,-0.48,-0.51
0134605195,Amazon,236.68,New,pefki books,159.99,Used - Very Good,True,159.99,212.7867,-0.32,-0.39,-0.43
1305080483,University of Toronto Bookstore,150.0,New,apex_media,55.71,Used - Very Good,True,55.71,74.0943,-0.63,-0.67,-0.68
0133826600,fakeDict,-99.0,something wrong happened,W.Triton,102.0,Used - Very Good,True,102.0,135.66,-2.03,-1.93,-1.88
1579478883,Amazon,179.54,New,1st_class_books,124.95,Used - Very Good,True,124.95,166.1835,-0.3,-0.37,-0.41
0073523933,Distant_books,160.69,New,🎓 Graduation Station,59.14,Used - Good,True,59.14,78.6562,-0.63,-0.67,-0.69
0130921955,Hinoyama#CA,338.1500000000001,Used - Good,Amazon,138.66,New,False,138.66,184.4178,-0.59,-0.63,-0.65
1893858839,Amazon,263.02,New,💲Value_Text📚,136.99,Used - Good,False,136.99,182.1967,-0.48,-0.53,-0.56
019060865X,Amazon,98.05,New,Amazon,72.12,New,False,72.12,95.91960000000002,-0.26,-0.34,-0.37
0134396022,TextbooksMarket,184.99,Used - Good,🕗 24HourTextBooks 🕗,160.77,Used - Good,True,160.77,213.8241,-0.13,-0.22,-0.26
0134080416,Amazon,68.84,New,Amazon,56.99,New,False,56.99,75.7967,-0.17,-0.25,-0.3
1305071751,newstainlesskid,148.97,Used - Like New,Buckeye Buyback,139.67,Used - Acceptable,True,139.67,185.7611,-0.06,-0.16,-0.2
1305397487,Amazon,128.8,New,apex_media,64.47,Used - Good,True,64.47,85.74510000000002,-0.5,-0.55,-0.57
0321909100,Books 4 All The World,100.0,Used - Very Good,Half-Price Hank's Books,144.77,Used - Very Good,True,144.77,192.5441,0.45,0.3,0.23
0887073298,Amazon,74.09,New,Half-Price Hank's Books,54.97,Used - Good,True,54.97,73.1101,-0.26,-0.33,-0.37
0134045440,omnibook-ca,199.96,Used - Good,Perpetual Textbooks,110.79,Used - Good,True,110.79,147.35070000000005,-0.45,-0.5,-0.53
0962644455,Amazon,156.66,New,Amazon,95.99,New,False,95.99,127.6667,-0.39,-0.45,-0.48
1609832906,Amazon,154.76,New,FlippingPages,102.51,Used - Good,True,102.51,136.3383,-0.34,-0.4,-0.44
1591264499,fakeDict,-99.0,something wrong happened,PPI - ppi2pass (authorized publisher),128.83,New,True,128.83,171.34390000000005,-2.3,-2.17,-2.11
1558291180,Amazon,111.68,New,apex_media,82.14,Used - Good,True,82.14,109.2462,-0.26,-0.34,-0.37
1938939883,Amazon,141.74,New,Amazon,89.0,New,False,89.0,118.37,-0.37,-0.43,-0.47
0134074254,BLU-NEKO*CA,321.92,Used - Good,Sales Leads,88.99,Used - Good,True,88.99,118.3567,-0.72,-0.75,-0.77
0134073541,fakeDict,-99.0,something wrong happened,BuyLow Warehouse LLC,66.75,Used - Acceptable,True,66.75,88.7775,-1.67,-1.61,-1.57
1605353809,Second Bind,148.59,Used - Like New,Amazon,86.7,New,False,86.7,115.311,-0.42,-0.47,-0.5
0989690601,Amazon,77.2,New,Amazon,54.22,New,False,54.22,72.1126,-0.3,-0.37,-0.4
1721851550,Amazon,77.07,New,Amazon,57.35,New,False,57.35,76.27550000000002,-0.26,-0.33,-0.37
1305503074,BLU-NEKO*CA,138.95,Used - Very Good,textbookspro,73.99,Used - Good,True,73.99,98.4067,-0.47,-0.52,-0.55
1337109665,CanadaWide Liquidations,146.89,Used - Good,bookscheap46,100.8,Used - Very Good,True,100.8,134.064,-0.31,-0.38,-0.42
1305646525,Virtual_Books,82.79,Used - Like New,RockCityBooks,98.89,Used - Acceptable,True,98.89,131.52370000000002,0.19,0.08,0.02
032197137X,Amazon,185.13,New,Perpetual Textbooks,149.08,Used - Acceptable,True,149.08,198.2764,-0.19,-0.28,-0.32
0785220852,Amazon,121.31,New,Amazon,91.99,New,False,91.99,122.3467,-0.24,-0.32,-0.36
1936221861,Distant_books,91.0,New,Bookadia-,67.06,Used - Very Good,False,67.06,89.1898,-0.26,-0.34,-0.37
0073534498,Amazon,233.11,New,Good Book Creations,80.0,Used - Very Good,True,80.0,106.4,-0.66,-0.69,-0.71
1305576519,Distant_books,74.99,New,FlippingPages,52.84,Used - Good,True,52.84,70.27720000000001,-0.3,-0.37,-0.4
1591943094,UrbanInspirations,157.74,New,bookexhibitor,62.8,New,True,62.8,83.524,-0.6,-0.64,-0.66
1506235484,Flipping Llama,399.99,New,Zephyr Global,89.0,Used - Good,True,89.0,118.37,-0.78,-0.8,-0.81
0134685776,Second Bind,164.7,New,Savage Textbooks 📚,82.48,Used - Good,True,82.48,109.6984,-0.5,-0.55,-0.57
0134874374,fakeDict,-99.0,something wrong happened,Books for Everybody,163.9,Used - Very Good,True,163.9,217.987,-2.66,-2.49,-2.41
0801026938,Amazon,55.0,New,Amazon,52.49,New,False,52.49,69.8117,-0.05,-0.14,-0.19
1462774059,Amazon,196.77,New,LifeWay Christian Store,149.99,New,True,149.99,199.4867,-0.24,-0.31,-0.35
0310450756,BookOutlet Canada,120.88,Used - Like New,Helleborine Velvet,78.8,Used - Like New,True,78.8,104.804,-0.35,-0.41,-0.45
145221686X,Book Depository CA,66.08,New,FlippingPages,43.5,Used - Acceptable,True,43.5,57.855,-0.34,-0.41,-0.44
1433648083,Amazon,82.98,New,Amazon,52.88,New,False,52.88,70.33040000000001,-0.36,-0.43,-0.46
0914098918,omnibook-ca,184.87,Used - Very Good,RockCityBooks,93.93,Used - Good,True,93.93,124.92690000000002,-0.49,-0.54,-0.57
1305076516,U.R.G. Books,89.99,Used - Very Good,textbook500,84.95,Used - Good,True,84.95,112.9835,-0.06,-0.15,-0.2
0134395328,fakeDict,-99.0,something wrong happened,N.L.O. Media,112.0,Used - Good,True,112.0,148.96,-2.13,-2.02,-1.96
1614285918,Amazon,110.99,New,Books In Demand,80.67,Used - Acceptable,True,80.67,107.2911,-0.27,-0.35,-0.38
0983141169,Amazon,98.21,New,Perpetual Textbooks,66.63,Used - Very Good,True,66.63,88.61789999999998,-0.32,-0.39,-0.42
0134302389,Kelowna Books,176.44,New,Wholesale Textbooks Direct,108.77,Used - Good,True,108.77,144.6641,-0.38,-0.45,-0.48
1506347207,Lone_Gunman,125.95,Used - Very Good,"Apollo Distribution, LLC",63.88,Used - Good,True,63.88,84.9604,-0.49,-0.54,-0.57
1591432014,Amazon,101.18,New,BuyLow Warehouse LLC,55.67,Used - Acceptable,True,55.67,74.0411,-0.45,-0.5,-0.53
1471174824,fakeDict,-99.0,something wrong happened,⭐St. Stephens Books,53.98,New,True,53.98,71.7934,-1.55,-1.49,-1.46
0190905387,Amazon,65.29,New,Amazon,59.29,New,False,59.29,78.8557,-0.09,-0.18,-0.23
1455738115,Amazon,126.89,New,itemspopularsonlineaindemand,75.11,New,True,75.11,99.8963,-0.41,-0.47,-0.5
1450477674,CLS FBA,124.99,Used - Very Good,apex_media,49.99,Used - Acceptable,True,49.99,66.48670000000001,-0.6,-0.64,-0.66
013429601X,Canada Thrift,149.99,Used - Very Good,FranklinMedia,95.74,Used - Acceptable,True,95.74,127.3342,-0.36,-0.43,-0.46
1337565695,Amazon,159.95,New,Perpetual Textbooks,105.62,Used - Like New,True,105.62,140.4746,-0.34,-0.41,-0.44
1640781692,Amazon,72.21,New,Paper&Plastic,68.26,New,True,68.26,90.7858,-0.05,-0.15,-0.2
1260085511,Book Depository CA,90.0,New,TEXTBookAMAZING,55.5,New,True,55.5,73.815,-0.38,-0.44,-0.48
1496324811,Amazon,113.88,New,Half-Price Hank's Books,56.96,Used - Very Good,True,56.96,75.7568,-0.5,-0.55,-0.57
0899579167,Amazon,85.4,New,Amazon,59.81,New,False,59.81,79.5473,-0.3,-0.37,-0.4
0134893751,Amazon,108.31,New,Amazon,75.98,New,False,75.98,101.0534,-0.3,-0.37,-0.4
0870610635,Amazon,209.21,New,Amazon,189.23,New,False,189.23,251.6759,-0.1,-0.19,-0.23
0521876222,Amazon,79.95,New,FlippingPages,46.04,Used - Good,True,46.04,61.2332,-0.42,-0.48,-0.51
1319056636,Amazon,78.27,New,Amazon,75.8,New,False,75.8,100.814,-0.03,-0.13,-0.18
1412981816,Amazon,82.95,New,Amazon,61.0,New,False,61.0,81.13000000000002,-0.26,-0.34,-0.37
0803658486,Amazon,117.38,New,Perpetual Textbooks,52.87,Used - Acceptable,True,52.87,70.3171,-0.55,-0.59,-0.62
1305503104,Amazon,199.95,New,FlippingPages,74.35,Used - Good,True,74.35,98.8855,-0.63,-0.67,-0.68
189276525X,UrbanInspirations,251.64,New,@ Home Prep Books and Training,129.99,New,True,129.99,172.88670000000005,-0.48,-0.54,-0.56
1565631625,Book Depository CA,75.36,New,Amazon,50.15,New,False,50.15,66.6995,-0.33,-0.4,-0.43
1890659797,fakeDict,-99.0,something wrong happened,Amazon,56.79,Used - Like New,True,56.79,75.5307,-1.57,-1.52,-1.49
0134015185,Amazon,189.94,New,Perpetual Textbooks,130.29,Used - Very Good,True,130.29,173.2857,-0.31,-0.38,-0.42
0226039331,Distant_books,139.91,Used - Like New,Great Value Online Seller,111.05,Used - Good,True,111.05,147.6965,-0.21,-0.29,-0.33
1259755339,Canada's Best Books,99.99,Used - Good,💲Value_Text📚,118.99,Used - Good,False,118.99,158.2567,0.19,0.07,0.01
0310452783,Amazon,83.41,New,Amazon,53.32,New,False,53.32,70.9156,-0.36,-0.42,-0.46
013465658X,Amazon,78.15,New,Amazon,54.49,New,False,54.49,72.47170000000001,-0.3,-0.37,-0.41
0134477200,Amazon,194.32,New,💲Value_Text📚,96.99,Used - Acceptable,False,96.99,128.9967,-0.5,-0.55,-0.58
1305397479,Amazon,130.95,New,Amazon,66.06,New,False,66.06,87.8598,-0.5,-0.55,-0.57
1319056261,Second Bind,104.43,New,Perpetual Textbooks,62.55,Used - Very Good,True,62.55,83.1915,-0.4,-0.46,-0.49
1492570591,Amazon,91.52,New,Amazon,73.15,New,False,73.15,97.28950000000002,-0.2,-0.28,-0.32
078520041X,Amazon,163.42,New,DavidPhillipsBooks,82.75,Used - Acceptable,True,82.75,110.0575,-0.49,-0.54,-0.57
0205214606,fakeDict,-99.0,something wrong happened,Perpetual Textbooks,141.75,Used - Good,True,141.75,188.5275,-2.43,-2.29,-2.22
0134806352,Amazon,177.12,New,Open Range Media,102.83,Used - Good,True,102.83,136.7639,-0.42,-0.48,-0.51
9004193189,Book Depository CA,189.45,New,ayvax,115.95,New,True,115.95,154.2135,-0.39,-0.45,-0.48
0393655806,Amazon,116.95,New,-Book$Run Textbooks-,65.97,Used - Good,False,65.97,87.7401,-0.44,-0.49,-0.52
1337613312,Virtual_Books,153.39,New,💲Value_Text📚,112.39,Used - Good,False,112.39,149.4787,-0.27,-0.34,-0.38
0813349109,Kennys Bookshop & Art Gallery,102.7,New,apex_media,52.05,Used - Good,True,52.05,69.2265,-0.49,-0.54,-0.57
0134656571,Amazon,78.15,New,Landmark Legacy,52.93,Used - Good,True,52.93,70.3969,-0.32,-0.39,-0.42
0815345054,bookercafe,119.4,Used - Good,TJPOnline,149.9,Used - Very Good,True,149.9,199.367,0.26,0.13,0.07
0134178947,Hinoyama#CA,242.2,Used - Good,catsouttathebookbag,59.58,Used - Acceptable,True,59.58,79.2414,-0.75,-0.78,-0.79
0718086864,BookOutlet Canada,77.97999999999998,Used - Like New,Amazon,51.37,New,False,51.37,68.3221,-0.34,-0.41,-0.44
0310437407,Amazon,87.26,New,Castle Combe Books,60.95,Used - Very Good,True,60.95,81.0635,-0.3,-0.37,-0.41
0310325897,momox_Shop,77.17,Used - Very Good,Perpetual Textbooks,47.57,Used - Like New,True,47.57,63.2681,-0.38,-0.45,-0.48
0691118809,bookseller-ca,68.99,Used - Good,FBA-BOOKS,59.81,Used - Very Good,True,59.81,79.5473,-0.13,-0.22,-0.26
1609186494,Amazon,89.61,New,Bluebeard Books,54.75,Used - Good,True,54.75,72.81750000000002,-0.39,-0.45,-0.48
1259913864,Amazon,146.82,New,eCampus_,138.11,Used - Very Good,True,138.11,183.6863,-0.06,-0.15,-0.2
0323299563,Amazon,102.32,New,BuyLow Warehouse LLC,68.02,Used - Good,True,68.02,90.4666,-0.34,-0.4,-0.43
1450495206,fakeDict,-99.0,something wrong happened,Bookline,77.28,Used - Very Good,True,77.28,102.7824,-1.78,-1.7,-1.66
1119073235,Amazon,81.5,New,itemspopularsonlineaindemand,45.31,New,True,45.31,60.2623,-0.44,-0.5,-0.53
1285853911,Virtual_Books,111.94,New,Good Book Creations,71.65,Used - Good,True,71.65,95.2945,-0.36,-0.42,-0.46
1462748880,fakeDict,-99.0,something wrong happened,LifeWay Christian Store,79.99,New,True,79.99,106.3867,-1.81,-1.73,-1.69
1429215089,DotionMayo,109.99,New,SameDay Shipping Co.,59.99,Used - Very Good,True,59.99,79.78670000000002,-0.45,-0.51,-0.54
0131495089,Canadian School Book Exchange,121.35,Used - Good,FranklinMedia,164.56,Used - Acceptable,True,164.56,218.8648,0.36,0.22,0.15
1609260279,Amazon,50.29,New,Lower-Christian-Prices,48.8,New,True,48.8,64.904,-0.03,-0.13,-0.18
0971424497,fakeDict,-99.0,something wrong happened,Elway One,72.0,Used - Like New,True,72.0,95.76,-1.73,-1.65,-1.62
1118230728,Second Bind,196.23,Used - Like New,storegalore,86.05,Used - Good,True,86.05,114.4465,-0.56,-0.61,-0.63
1337624268,SiBBooks,142.83,Used - Like New,STANZA,102.98,Used - Acceptable,True,102.98,136.9634,-0.28,-0.35,-0.39
1598561804,Amazon,80.09,New,Amazon,64.41,New,False,64.41,85.6653,-0.2,-0.28,-0.32
1305965795,CDN Media & More,174.99,Used - Good,Half-Price Hank's Books,117.86,Used - Acceptable,True,117.86,156.7538,-0.33,-0.39,-0.43
0078036933,5_STAR *****,79.99,Used - Good,FranklinMedia,58.95,Used - Good,True,58.95,78.40350000000002,-0.26,-0.34,-0.37
1640781714,Book Depository CA,77.21,New,LlamaJohn,44.95,Used - Like New,True,44.95,59.7835,-0.42,-0.48,-0.51
1305503090,Virtual_Books,84.94,Used - Like New,AuroraTreasures,61.78,Used - Very Good,True,61.78,82.1674,-0.27,-0.35,-0.38
1462535569,Book Depository CA,114.56,New,Amazon,77.02,New,False,77.02,102.4366,-0.33,-0.39,-0.43
1319059767,Amazon,216.46,New,Books Kaizen,100.7,Used - Good,True,100.7,133.931,-0.53,-0.58,-0.6
0134609034,MADCOR SOLUTIONS,169.99,Used - Like New,🕗 24HourTextBooks 🕗,161.77,Used - Good,True,161.77,215.15410000000003,-0.05,-0.14,-0.19
1133112285,fakeDict,-99.0,something wrong happened,Buggz Books and Media,65.0,Used - Acceptable,True,65.0,86.45,-1.66,-1.59,-1.56
1609261909,Amazon,98.35,New,Lower-Christian-Prices,66.85,New,True,66.85,88.9105,-0.32,-0.39,-0.42
1305109392,Products Paradise,64.99,Used - Very Good,💲Value_Text📚,67.64,Used - Good,False,67.64,89.9612,0.04,-0.06,-0.12
1619708434,Amazon,115.26,New,Amazon,76.86,New,False,76.86,102.2238,-0.33,-0.4,-0.43
0134710673,Amazon,155.0,New,Amazon,156.55,New,False,156.55,208.21150000000003,0.01,-0.09,-0.14
0134561015,fakeDict,-99.0,something wrong happened,BuyLow Warehouse LLC,48.18,Used - Acceptable,True,48.18,64.0794,-1.49,-1.44,-1.41
0321818504,fakeDict,-99.0,something wrong happened,Momma's Media,66.05,Used - Good,True,66.05,87.8465,-1.67,-1.6,-1.57
1482237016,Amazon,87.0,New,ayvax,60.84,New,True,60.84,80.91720000000002,-0.3,-0.37,-0.41
1118291050,Amazon,138.05,New,Amazon,96.47,New,False,96.47,128.3051,-0.3,-0.37,-0.41
1936876515,fakeDict,-99.0,something wrong happened,bookmans_exchange,30.9,Used - Acceptable,False,30.9,41.097,-1.31,-1.28,-1.27
1319103324,Kelowna Books,176.44,New,Amazon,129.99,New,False,129.99,172.88670000000005,-0.26,-0.34,-0.37
1337570877,Book Depository CA,236.64,New,💲Value_Text📚,113.99,Used - Good,False,113.99,151.6067,-0.52,-0.57,-0.59
1483349802,Amazon,178.23,New,Amazon,120.59,New,False,120.59,160.3847,-0.32,-0.39,-0.42
0873899601,fakeDict,-99.0,something wrong happened,Dutchess Collection,45.99,New,True,45.99,61.16670000000001,-1.46,-1.42,-1.39
1464189781,Amazon,205.13,New,STANZA,134.5,Used - Good,True,134.5,178.88500000000005,-0.34,-0.41,-0.44
1319114636,Amazon,153.21,Used - Like New,Amazon,77.73,New,False,77.73,103.3809,-0.49,-0.54,-0.57
1118280237,fakeDict,-99.0,something wrong happened,Books Kaizen,140.0,Used - Acceptable,True,140.0,186.2,-2.41,-2.27,-2.2
1259637069,Amazon,209.95,New,Lou's Modern Commerce,42.92,Used - Acceptable,True,42.92,57.0836,-0.8,-0.82,-0.83
1628453877,Amazon,75.28,New,Amazon,57.33,New,False,57.33,76.2489,-0.24,-0.31,-0.35
039366743X,Amazon,165.4,New,💲Value_Text📚,100.99,Used - Good,False,100.99,134.3167,-0.39,-0.45,-0.48
0470057246,momox_Shop,59.05,Used - Very Good,OLIVE BRANCH,55.38,New,True,55.38,73.65540000000001,-0.06,-0.16,-0.2
1305864506,Amazon,70.24,New,FlippingPages,87.04,Used - Acceptable,True,87.04,115.7632,0.24,0.12,0.05
0199541426,Amazon,96.61,New,Crestwood Sales,50.0,Used - Good,True,50.0,66.5,-0.48,-0.53,-0.56
1506383467,Book Depository CA,85.02,New,Amazon,67.56,New,False,67.56,89.85480000000003,-0.21,-0.28,-0.32
0133998649,Second Bind,161.05,New,Z-Financial LLC,103.75,Used - Acceptable,True,103.75,137.9875,-0.36,-0.42,-0.45
0134217438,Amazon,255.27,New,Perpetual Textbooks,103.16,Used - Very Good,True,103.16,137.2028,-0.6,-0.64,-0.66
1506341705,Book Depository CA,144.64,New,Amazon,130.06,New,False,130.06,172.9798,-0.1,-0.19,-0.24
0877289190,Amazon,153.03,New,RentU,96.05,Used - Good,True,96.05,127.7465,-0.37,-0.44,-0.47
1133943497,Caper Books,166.44,Used - Very Good,EZ-Discounts,102.95,Used - Good,True,102.95,136.92350000000002,-0.38,-0.44,-0.47
1305577191,Virtual_Books,109.97,New,FlippingPages,51.07,Used - Good,True,51.07,67.9231,-0.54,-0.58,-0.61
1107149894,Rain drop,66.6,Used - Very Good,TEXTBookAMAZING,51.57,New,True,51.57,68.5881,-0.23,-0.3,-0.34
0805303081,Amazon,185.0,New,PJ5sFindz4You,92.88,Used - Good,True,92.88,123.5304,-0.5,-0.55,-0.57
1598561782,Amazon,76.16,New,Amazon,56.26,New,False,56.26,74.8258,-0.26,-0.34,-0.37
111944425X,Amazon,136.02,New,Amazon,138.23,New,False,138.23,183.8459,0.02,-0.09,-0.14
1259616029,Amazon,294.42,New,FlippingPages,93.0,Used - Good,True,93.0,123.69,-0.68,-0.72,-0.73
1305860306,Hinoyama#CA,149.82,Used - Good,Ready Set Books,66.51,Used - Acceptable,True,66.51,88.45830000000002,-0.56,-0.6,-0.62
0880620145,Amazon,107.66,New,RentU,61.65,Used - Like New,True,61.65,81.9945,-0.43,-0.48,-0.51
1118774566,Amazon,217.95,New,shop2000,118.88,Used - Acceptable,True,118.88,158.1104,-0.45,-0.51,-0.54
1259948439,Amazon,142.44,New,🗽Empire Text📚,92.81,Used - Like New,True,92.81,123.4373,-0.35,-0.41,-0.45
1555819877,Virtual_Books,137.03,New,Amazon,105.0,New,False,105.0,139.65,-0.23,-0.31,-0.35
0803638213,Amazon,159.98,New,FlippingPages,62.94,Used - Good,True,62.94,83.7102,-0.61,-0.65,-0.67
1586409751,Book Depository CA,120.35,New,Today's Prime Deals,44.95,Used - Good,True,44.95,59.7835,-0.63,-0.66,-0.68
1603800964,Amazon,77.33,New,RentU,53.27,Used - Good,True,53.27,70.8491,-0.31,-0.38,-0.41
1284110877,Amazon,125.22,New,Hanson’s,68.0,Used - Acceptable,True,68.0,90.44,-0.46,-0.51,-0.54
1305269470,Virtual_Books,100.2,New,Perpetual Textbooks,79.99,Used - Very Good,True,79.99,106.3867,-0.2,-0.28,-0.32
1591264464,Book Depository CA,174.2,New,Sales Leads,74.99,Used - Good,True,74.99,99.7367,-0.57,-0.61,-0.63
081534466X,bookspedia2018,52.53,Used - Very Good,BooksUnlimited2016,84.9,Used - Very Good,True,84.9,112.91700000000002,0.62,0.45,0.37
0792230345,fakeDict,-99.0,something wrong happened,Amazon,46.36,Used - Acceptable,True,46.36,61.6588,-1.47,-1.42,-1.4
1535948027,Amazon,105.58,New,LifeWay Christian Store,79.99,New,True,79.99,106.3867,-0.24,-0.32,-0.36
1319050573,Textbooks for Change,76.69999999999997,Used - Very Good,apex_media,84.75,Used - Very Good,True,84.75,112.7175,0.1,-0.01,-0.06
1108488390,Amazon,74.95,New,Amazon,56.33,New,False,56.33,74.91890000000002,-0.25,-0.32,-0.36
0321969561,Canada's Best Books,179.99,Used - Good,Open Range Media,107.32,Used - Good,True,107.32,142.7356,-0.4,-0.46,-0.49
0415712270,Book Depository CA,97.41,New,ayvax,72.26,New,True,72.26,96.10580000000002,-0.26,-0.33,-0.37
156577020X,Goodwill Store 2024,130.0,Used - Very Good,Amazon,122.37,New,False,122.37,162.7521,-0.06,-0.15,-0.2
1259188132,fakeDict,-99.0,something wrong happened,*Smart Student*,99.48,New,True,99.48,132.3084,-2.0,-1.9,-1.85
0312681674,Amazon,104.56,New,Larry's Library and Emporium,40.99,Used - Acceptable,True,40.99,54.51670000000001,-0.61,-0.65,-0.67
0134662067,Amazon,88.22,New,TEXTBookAMAZING,45.0,New,True,45.0,59.85,-0.49,-0.54,-0.57
0134689518,Amazon,114.84,New,Amazon,94.99,New,False,94.99,126.3367,-0.17,-0.26,-0.3
1401284264,Amazon,114.68,New,Amazon,98.21,New,False,98.21,130.6193,-0.14,-0.23,-0.27
1610725794,Book Depository CA,75.37,New,Mometrix Test Preparation,51.78,New,True,51.78,68.8674,-0.31,-0.38,-0.42
0134293932,Hinoyama#CA,395.92,Used - Good,Open Range Media,96.05,Used - Good,True,96.05,127.7465,-0.76,-0.78,-0.79
0134746244,Second Bind,143.7,Used - Like New,NovelBox,104.0,Used - Good,True,104.0,138.32,-0.28,-0.35,-0.38
1305952308,Amazon,199.95,New,RockCityBooks,100.21,Used - Acceptable,True,100.21,133.2793,-0.5,-0.55,-0.57
1610721918,Book Depository CA,86.61,New,Mometrix Test Preparation,57.78,New,True,57.78,76.84740000000002,-0.33,-0.4,-0.43
0471198269,BooksfromCANADA,99.95,Used - Very Good,jubileebooks,79.88,Used - Good,True,79.88,106.2404,-0.2,-0.28,-0.32
0205296327,Geeky Beaver Canada,79.85,Used - Good,Infinitum Trading,53.51,Used - Good,True,53.51,71.1683,-0.33,-0.4,-0.43
1605358975,Amazon,124.95,New,Amazon,91.48,New,False,91.48,121.6684,-0.27,-0.34,-0.38
1119116368,Amazon,115.95,New,-Book$Run Textbooks-,70.33,Used - Good,False,70.33,93.5389,-0.39,-0.45,-0.48
1605353752,Amazon,207.95,New,FirstAveBooks,91.0,Used - Good,True,91.0,121.03,-0.56,-0.61,-0.63
1305253612,RAE global,61.26,Used - Good,Jenson Books Inc,59.3,Used - Acceptable,True,59.3,78.869,-0.03,-0.13,-0.18
088707345X,Amazon,91.24,New,Amazon,69.59,New,False,69.59,92.5547,-0.24,-0.31,-0.35
0134296036,Amazon,199.99,New,Amazon,252.46,Used - Acceptable,True,252.46,335.7718000000001,0.26,0.14,0.07
1444790692,BLU-NEKO*CA,62.33,Used - Like New,Set-Books,44.8,New,True,44.8,59.584,-0.28,-0.35,-0.39
013708370X,Amazon,101.08,New,bookstore company,53.94,Used - Very Good,True,53.94,71.7402,-0.47,-0.52,-0.55
1118230663,Amazon,90.95,New,FranklinMedia,75.6,Used - Acceptable,True,75.6,100.54799999999999,-0.17,-0.25,-0.29
0134813030,fakeDict,-99.0,something wrong happened,RockCityBooks,72.47,New,True,72.47,96.3851,-1.73,-1.66,-1.62
0134714881,Amazon,163.59,New,J. Bryant Trading Company,79.99,Used - Acceptable,True,79.99,106.3867,-0.51,-0.56,-0.58
0134193091,Amazon,178.16,New,Open Range Media,89.21,Used - Good,True,89.21,118.6493,-0.5,-0.55,-0.57
1319032753,Amazon,102.96,New,TonySaave,51.5,Used - Acceptable,True,51.5,68.495,-0.5,-0.55,-0.57
1947070215,Amazon,62.27,New,105Inc,109.0,New,True,109.0,144.97,0.75,0.58,0.49
130596411X,Amazon,211.9,New,apex_media,78.96,Used - Good,True,78.96,105.0168,-0.63,-0.66,-0.68
0078034949,Virtual_Books,89.35,Used - Like New,FranklinMedia,63.58,Used - Acceptable,True,63.58,84.5614,-0.29,-0.36,-0.4
0134183649,MindfulBooks Inc.,99.95,Used - Good,ABQ Electronics Plus,114.59,Used - Good,True,114.59,152.40470000000005,0.15,0.03,-0.03
1619701138,Amazon,91.89,New,Perpetual Textbooks,60.03,Used - Very Good,True,60.03,79.8399,-0.35,-0.41,-0.44
1259700909,Niche_Books,223.16,New,Savage Textbooks 📚,108.71,Used - Good,True,108.71,144.5843,-0.51,-0.56,-0.59
0393603172,Amazon,186.87,New,💲Value_Text📚,133.99,Used - Good,False,133.99,178.2067,-0.28,-0.35,-0.39
0470588985,BLU-NEKO*CA,233.47,Used - Very Good,Half-Price Hank's Books,73.17,Used - Acceptable,True,73.17,97.3161,-0.69,-0.72,-0.73
1305082141,Amazon,62.32,New,FranklinMedia,43.12,Used - Acceptable,True,43.12,57.3496,-0.31,-0.38,-0.41
1305112105,BLU-NEKO*CA,147.62,Used - Like New,LMR Sales,99.99,Used - Good,True,99.99,132.9867,-0.32,-0.39,-0.42
1450421245,Book Depository CA,93.01,New,Amazon,52.82,Used - Acceptable,True,52.82,70.2506,-0.43,-0.49,-0.52
0134087704,Second Bind,164.3,Used - Like New,Clean Earth Books,74.99,Used - Acceptable,True,74.99,99.7367,-0.54,-0.59,-0.61
0470275847,Lone_Gunman,65.95,Used - Very Good,KMOC,43.97,Used - Very Good,True,43.97,58.4801,-0.33,-0.4,-0.43
0963009664,Amazon,114.54,New,Amazon,68.46,Used - Like New,True,68.46,91.0518,-0.4,-0.46,-0.49
007802420X,Amazon,286.95,New,FlippingPages,45.07,Used - Good,True,45.07,59.9431,-0.84,-0.86,-0.87
1305503082,BLU-NEKO*CA,161.94,Used - Like New,💲Value_Text📚,61.38,Used - Good,False,61.38,81.6354,-0.62,-0.66,-0.68
0134194004,fakeDict,-99.0,something wrong happened,Booking-it,195.0,Used - Acceptable,True,195.0,259.35,-2.97,-2.77,-2.67
081534550X,Amazon,140.88,New,Amazon,98.07,New,False,98.07,130.4331,-0.3,-0.37,-0.41
1319195741,Amazon,111.52,New,HATZBOOKS,83.95,Used - Good,True,83.95,111.6535,-0.25,-0.32,-0.36
0134466020,Amazon,166.22,New,IkeMar's Books,104.85,Used - Very Good,True,104.85,139.4505,-0.37,-0.43,-0.46
1405184035,momox_Shop,77.41,Used - Very Good,Amazon,69.69,New,False,69.69,92.6877,-0.1,-0.19,-0.23
1133365485,Amazon,203.37,New,ayvax,107.03,New,True,107.03,142.34990000000005,-0.47,-0.53,-0.55
1138625973,Book Depository CA,63.01,New,ayvax,46.5,New,True,46.5,61.84500000000001,-0.26,-0.34,-0.37
3319712993,Distant_books,173.9,New,ayvax,124.19,New,True,124.19,165.1727,-0.29,-0.36,-0.39
0323354823,Amazon,154.31,New,MediaAlternativesDotOrg,92.39,Used - Very Good,True,92.39,122.8787,-0.4,-0.46,-0.49
0190909005,Book Depository CA,86.87,New,Amazon,72.95,New,False,72.95,97.0235,-0.16,-0.24,-0.29
113312576X,Amazon,140.53,New,Jenson Books Inc,55.95,Used - Good,True,55.95,74.41350000000001,-0.6,-0.64,-0.66
1133490670,Tangible,179.5,New,718Books,130.0,Used - Very Good,True,130.0,172.9,-0.28,-0.35,-0.38
0134765036,Textbooks for Change,142.19,Used - Good,BuyLow Warehouse LLC,92.27,Used - Good,True,92.27,122.7191,-0.35,-0.42,-0.45
1496387805,Amazon,142.38,New,Amazon,103.75,New,False,103.75,137.9875,-0.27,-0.34,-0.38
1450458807,Virtual_Books,104.65,New,Tom's AZ Deals,50.94,Used - Good,True,50.94,67.7502,-0.51,-0.56,-0.59
0801048567,Amazon,83.5,New,Graceful Finds,75.74,New,True,75.74,100.7342,-0.09,-0.18,-0.23
1430040289,Amazon,193.43,New,LifeWay Christian Store,149.99,New,True,149.99,199.4867,-0.22,-0.3,-0.34
007179476X,bookspedia2018,144.48,Used - Very Good,Odd Bookworm,121.18,Used - Very Good,True,121.18,161.16940000000002,-0.16,-0.25,-0.29
1107197899,Amazon,79.95,New,Amazon,58.98,New,False,58.98,78.4434,-0.26,-0.34,-0.37
047141526X,Canada's Best Books,149.79,Used - Very Good,GTO Book Grinder,85.15,Used - Good,True,85.15,113.2495,-0.43,-0.49,-0.52
1285463269,Tangible,168.5,New,SuperExpressDeals,92.5,New,False,92.5,123.025,-0.45,-0.51,-0.53
1337275379,Hinoyama#CA,178.35,Used - Very Good,DMC4Sales,42.41,Used - Good,True,42.41,56.4053,-0.76,-0.79,-0.8
1259644499,Second Bind,66.45,Used - Like New,apex_media,53.4,Used - Good,True,53.4,71.02199999999999,-0.2,-0.28,-0.32
0134689496,Amazon,109.15,New,Surasaleonline,93.83,Used - Very Good,True,93.83,124.7939,-0.14,-0.23,-0.27
0078028663,Virtual_Books,203.39,New,-Book$Run Textbooks-,87.45,Used - Good,False,87.45,116.3085,-0.57,-0.61,-0.63
0205827098,SmartShop Canada,78.99,Used - Good,FlippingPages,71.99,Used - Good,True,71.99,95.7467,-0.09,-0.18,-0.23
0134586484,Amazon,164.52,New,-Book$Run Textbooks-,77.2,Used - Good,False,77.2,102.67600000000002,-0.53,-0.58,-0.6
0310452716,Amazon,81.49,New,Amazon,52.73,New,False,52.73,70.1309,-0.35,-0.42,-0.45
0936552182,fakeDict,-99.0,something wrong happened,Amazon,51.98,New,False,51.98,69.1334,-1.53,-1.47,-1.45
1259293866,Book Depository CA,140.72,New,RentU,96.86,Used - Good,True,96.86,128.8238,-0.31,-0.38,-0.41
1469890682,Amazon,112.37,New,Paris Books,60.0,Used - Good,True,60.0,79.80000000000003,-0.47,-0.52,-0.55
0134112520,Amazon,301.48,New,Half-Price Hank's Books,151.77,Used - Good,True,151.77,201.8541,-0.5,-0.55,-0.57
0134178998,newstainlesskid,151.82000000000005,New,Perpetual Textbooks,49.94,Used - Very Good,True,49.94,66.4202,-0.67,-0.7,-0.72
013144770X,Amazon,150.36,New,Jenson Books Inc,77.97,Used - Good,True,77.97,103.7001,-0.48,-0.53,-0.56
0134169808,Amazon,186.07,New,Half-Price Hank's Books,117.99,Used - Very Good,True,117.99,156.9267,-0.37,-0.43,-0.46
0134460618,Amazon,166.66,New,STANZA,114.65,Used - Very Good,True,114.65,152.48450000000003,-0.31,-0.38,-0.42
146413538X,DotionMayo,119.99,New,RockCityBooks,174.52,Used - Acceptable,True,174.52,232.11160000000004,0.45,0.31,0.24
1305956761,Amazon,156.33,New,Unleash-Inc,87.96,New,True,87.96,116.9868,-0.44,-0.49,-0.52
030021989X,Amazon,74.75,New,BuyLow Warehouse LLC,59.99,Used - Acceptable,True,59.99,79.78670000000002,-0.2,-0.28,-0.32
0809105020,Amazon,94.26,New,Mayon Collectibles,51.99,Used - Good,True,51.99,69.14670000000001,-0.45,-0.5,-0.53
0495391328,Textbooks for Change,92.36,Used - Good,Gtradesmart,43.99,Used - Acceptable,True,43.99,58.50670000000001,-0.52,-0.57,-0.6
0134446437,TextbooksMarket,149.99,Used - Good,Altair Alpha,76.68,Used - Good,True,76.68,101.9844,-0.49,-0.54,-0.57
1305673549,Kennys Bookshop & Art Gallery,123.86,New,apex_media,51.96,Used - Good,True,51.96,69.1068,-0.58,-0.62,-0.64
1133109039,Amazon,272.95,New,"Talk Story, LLC",89.86,Used - Good,True,89.86,119.5138,-0.67,-0.7,-0.72
1305628454,Kennys Bookshop & Art Gallery,140.04999999999998,New,SuperExpressDeals,91.88,New,False,91.88,122.2004,-0.34,-0.41,-0.44
1610720229,Amazon,85.97,New,Mometrix Test Preparation,57.78,New,True,57.78,76.84740000000002,-0.33,-0.4,-0.43
1558290907,Amazon,84.67,New,Amazon,62.17,New,False,62.17,82.68610000000002,-0.27,-0.34,-0.38
0314846182,fakeDict,-99.0,something wrong happened,RentU,165.6,Used - Good,True,165.6,220.248,-2.67,-2.51,-2.42
0821869191,Hinoyama#CA,106.33,Used - Good,Books In Demand,49.62,Used - Good,True,49.62,65.9946,-0.53,-0.58,-0.6
013218091X,Carlyle Books Canada,121.12,Used - Very Good,Amazon,106.48,New,False,106.48,141.6184,-0.12,-0.21,-0.25
1107034264,Book Depository CA,79.4,New,RentU,52.61,Used - Good,True,52.61,69.9713,-0.34,-0.4,-0.44
0073386251,Amazon,157.36,New,FranklinMedia,89.96,Used - Acceptable,True,89.96,119.6468,-0.43,-0.49,-0.51
1555819338,Amazon,100.79,New,Direction of Culture,47.0,Used - Good,True,47.0,62.51000000000001,-0.53,-0.58,-0.6
0134156412,Second Bind,146.75,Used - Like New,💲Value_Text📚,60.95,Used - Acceptable,True,60.95,81.0635,-0.58,-0.63,-0.65
0134684907,Rcom Books,326.32,New,Amazon,229.48,New,False,229.48,305.2084,-0.3,-0.37,-0.4
013421742X,Amazon,175.86,New,RockCityBooks,123.48,Used - Acceptable,True,123.48,164.22840000000005,-0.3,-0.37,-0.4
1305093615,Amazon,185.54,New,zaza42,105.99,Used - Good,True,105.99,140.9667,-0.43,-0.49,-0.51
1285052455,Amazon,143.19,New,TAP's Treasures,69.94,Used - Good,True,69.94,93.0202,-0.51,-0.56,-0.58
1119060818,fakeDict,-99.0,something wrong happened,💲Value_Text📚,78.92,Used - Good,False,78.92,104.9636,-1.8,-1.72,-1.68
1305968344,Amazon,163.27,New,Perpetual Textbooks,72.01,Used - Acceptable,True,72.01,95.7733,-0.56,-0.6,-0.63
1506387101,Book Depository CA,97.32,New,apex_media,73.6,New,True,73.6,97.888,-0.24,-0.32,-0.36
0134763297,Amazon,123.17,New,Clearcreek Bookstore,129.2,Used - Good,True,129.2,171.83599999999996,0.05,-0.06,-0.11
1440835802,Amazon,79.27,New,Amazon,55.99,New,False,55.99,74.4667,-0.29,-0.36,-0.4
1108705294,Amazon,74.95,New,Amazon,63.49,New,False,63.49,84.44170000000003,-0.15,-0.24,-0.28
1337119911,fakeDict,-99.0,something wrong happened,Ubee's Used Books,118.0,Used - Good,True,118.0,156.94,-2.19,-2.07,-2.01
1450411223,Amazon,91.95,New,Remdel-Int,69.99,Used - Very Good,True,69.99,93.0867,-0.24,-0.31,-0.35
0134120183,Amazon,199.95,New,FlippingPages,72.47,Used - Acceptable,True,72.47,96.3851,-0.64,-0.67,-0.69
0190646659,Second Bind,107.65,Used - Like New,Books Kaizen,64.76,Used - Good,True,64.76,86.13080000000002,-0.4,-0.46,-0.49
1285198247,fakeDict,-99.0,something wrong happened,2Fold Supply,93.69,Used - Acceptable,True,93.69,124.6077,-1.95,-1.85,-1.8
1107604141,Amazon,201.55,New,Amazon,145.2,New,False,145.2,193.116,-0.28,-0.35,-0.39
0134565622,fakeDict,-99.0,something wrong happened,Amazon,104.69,New,False,104.69,139.23770000000002,-2.06,-1.95,-1.9
1614286906,Prestivo3,190.79,New,Jekyll and Hyde Booksellers,81.0,Used - Very Good,True,81.0,107.73,-0.58,-0.62,-0.64
1433648253,Book Depository CA,153.27,New,Amazon,56.15,Used - Like New,True,56.15,74.6795,-0.63,-0.67,-0.69
0393937933,fakeDict,-99.0,something wrong happened,Bast Sales Team,61.78,Used - Acceptable,True,61.78,82.1674,-1.62,-1.56,-1.53
032307779X,Gold1EnterpriseS,99.49,Used - Very Good,itemspopularsonlineaindemand,65.97,New,True,65.97,87.7401,-0.34,-0.4,-0.44
1464108684,Amazon,142.74,New,Wealth Wise,89.99,Used - Acceptable,True,89.99,119.6867,-0.37,-0.43,-0.46
0878939652,Book Depository CA,106.57,New,Amazon,83.48,New,False,83.48,111.0284,-0.22,-0.29,-0.33
0321978986,fakeDict,-99.0,something wrong happened,GABooksSeller,128.25,Used - Acceptable,True,128.25,170.57250000000005,-2.3,-2.17,-2.1
0134082311,fakeDict,-99.0,something wrong happened,YOUR  BOOKS,82.95,Used - Acceptable,True,82.95,110.3235,-1.84,-1.75,-1.71
0077349970,Hinoyama#CA,234.93,Used - Good,Bookadia-,110.07,Used - Good,False,110.07,146.3931,-0.53,-0.58,-0.6
0916883507,Amazon,86.36,New,Amazon,62.24,New,False,62.24,82.7792,-0.28,-0.35,-0.39
0134748530,Amazon,154.65,New,serna623,99.99,Used - Like New,True,99.99,132.9867,-0.35,-0.42,-0.45
0134558693,fakeDict,-99.0,something wrong happened,Amazon,145.99,New,False,145.99,194.1667,-2.47,-2.33,-2.25
0759119651,Boxogen,49.99,Used - Very Good,FlippingPages,44.68,Used - Good,True,44.68,59.42440000000001,-0.11,-0.2,-0.24
0134604717,Second Bind,231.48,New,Perpetual Textbooks,132.36,Used - Very Good,True,132.36,176.03880000000004,-0.43,-0.49,-0.51
0792283112,Amazon,79.67,New,Amazon,69.95,New,False,69.95,93.0335,-0.12,-0.21,-0.25
007338447X,Amazon,192.47,New,Oly Media Co,69.21,Used - Good,True,69.21,92.0493,-0.64,-0.68,-0.69
1119405262,Amazon,140.32,New,SuperExpressDeals,83.07,New,False,83.07,110.4831,-0.41,-0.47,-0.5
0199827508,Books 4 All The World,100.0,Used - Good,mrhatler,56.9,Used - Like New,True,56.9,75.67699999999999,-0.43,-0.49,-0.52
1118291077,Kennys Bookshop & Art Gallery,81.75,New,apex_media,52.98,New,True,52.98,70.4634,-0.35,-0.42,-0.45
1891389319,fakeDict,-99.0,something wrong happened,AJ's Pop-up Shop,103.34,Used - Good,True,103.34,137.4422,-2.04,-1.94,-1.89
1138692522,Amazon,103.27,New,2Fold Supply,67.37,Used - Good,True,67.37,89.60210000000002,-0.35,-0.41,-0.45
1464187975,Amazon,127.48,New,Perpetual Textbooks,88.98,Used - Like New,True,88.98,118.34340000000002,-0.3,-0.37,-0.41
0393622916,Amazon,124.95,New,apex_media,88.58,Used - Good,True,88.58,117.8114,-0.29,-0.36,-0.4
1284104494,Prestivo3,159.06,New,Perpetual Textbooks,79.2,Used - Acceptable,True,79.2,105.336,-0.5,-0.55,-0.58
1936221349,Amazon,164.58,New,🕗 24HourTextBooks 🕗,119.33,Used - Acceptable,True,119.33,158.7089,-0.27,-0.35,-0.38
1483306585,Amazon,152.42,New,-Book$Run Textbooks-,75.57,Used - Acceptable,False,75.57,100.5081,-0.5,-0.55,-0.58
0393935221,Amazon,123.49,New,FranklinMedia,61.15,Used - Acceptable,True,61.15,81.3295,-0.5,-0.55,-0.58
1441979395,Book Depository CA,87.03,New,Amazon,52.1,New,False,52.1,69.293,-0.4,-0.46,-0.49
0134494040,Amazon,201.29,New,ubuybooks,111.36,Used - Very Good,True,111.36,148.1088,-0.45,-0.5,-0.53
1506380107,Amazon,108.56,New,Amazon,59.62,New,False,59.62,79.2946,-0.45,-0.51,-0.53
1535935081,Amazon,121.16,New,Amazon,83.39,New,False,83.39,110.9087,-0.31,-0.38,-0.41
1285858263,Amazon,139.68,New,-Book$Run Textbooks-,70.97,New,False,70.97,94.3901,-0.49,-0.54,-0.57
1464183953,Amazon,250.46,New,apex_media,179.22,Used - Good,True,179.22,238.3626,-0.28,-0.36,-0.39
0134756363,Mountain Goats Books and Gifts,150.99,Used - Like New,MojaveRidgeLLC,213.36,Used - Good,True,213.36,283.76880000000006,0.41,0.27,0.2
1565639804,Amazon,106.04,New,Amazon,71.31,New,False,71.31,94.8423,-0.33,-0.39,-0.43
013600380X,Buy Stuff Store,72.0,Used - Good,Amazon,113.48,New,False,113.48,150.9284,0.58,0.42,0.34
1319079458,Amazon,297.21,New,Tome Dealers,131.0,Used - Very Good,True,131.0,174.23000000000005,-0.56,-0.6,-0.63
0077862457,fakeDict,-99.0,something wrong happened,bookscheap46,56.0,Used - Acceptable,True,56.0,74.48,-1.57,-1.51,-1.48
0357020839,Book Depository CA,60.57,New,Amazon,55.95,New,False,55.95,74.41350000000001,-0.08,-0.17,-0.21
1578193303,Amazon,166.2,New,Amazon,122.61,New,False,122.61,163.0713,-0.26,-0.34,-0.37
0133978214,fakeDict,-99.0,something wrong happened,IkeMar's Books,119.95,Used - Very Good,True,119.95,159.5335,-2.21,-2.09,-2.03
0134080211,NicPit,160.98,Used - Very Good,FlippingPages,67.13,Used - Good,True,67.13,89.2829,-0.58,-0.62,-0.65
013417805X,Amazon,249.0,New,-Book$Run Textbooks-,88.2,Used - Good,False,88.2,117.306,-0.65,-0.68,-0.7
1285464648,Mountain Goats Books and Gifts,89.98,Used - Good,apex_media,74.68,Used - Good,True,74.68,99.3244,-0.17,-0.25,-0.29
1305652967,Prairie Treasure Emporium,91.69,Used - Good,💲Value_Text📚,56.17,Used - Good,True,56.17,74.7061,-0.39,-0.45,-0.48
0133844102,Amazon,135.88,New,7 Trees of Life,75.95,Used - Good,True,75.95,101.0135,-0.44,-0.5,-0.52
1416033866,Distant_books,123.64,New,itemspopularsonlineaindemand,82.99,New,True,82.99,110.3767,-0.33,-0.4,-0.43
0199663343,momox_Shop,58.81,Used - Very Good,Half-Price Hank's Books,53.77,Used - Very Good,True,53.77,71.51410000000001,-0.09,-0.18,-0.22
0898713617,Book Depository CA,97.97,New,CoolTopics,55.76,Used - Good,True,55.76,74.1608,-0.43,-0.49,-0.52
1401223613,Labyrinth Oakville Ontario,96.44,New,Amazon,64.9,New,False,64.9,86.31700000000002,-0.33,-0.39,-0.43
0134646053,Amazon,207.06,New,apex_media,101.26,Used - Acceptable,True,101.26,134.6758,-0.51,-0.56,-0.58
0134553519,Amazon,199.0,New,Open Range Media,156.13,Used - Good,True,156.13,207.6529,-0.22,-0.29,-0.33
1285737237,BLU-NEKO*CA,156.47,Used - Good,FlippingPages,73.08,Used - Good,True,73.08,97.1964,-0.53,-0.58,-0.6
1464114889,Amazon,159.32,New,SAN REMO BOOKS,74.95,Used - Good,True,74.95,99.6835,-0.53,-0.58,-0.6
1932613862,fakeDict,-99.0,something wrong happened,Amazon,52.82,Used - Like New,True,52.82,70.2506,-1.53,-1.48,-1.45
189138936X,Russell-books,116.81,New,Cheaper College  Books,61.23,Used - Good,False,61.23,81.4359,-0.48,-0.53,-0.55
0813800765,Amazon,117.66,New,apex_media,67.12,Used - Acceptable,True,67.12,89.26960000000003,-0.43,-0.49,-0.52
0887071503,Amazon,91.24,New,Amazon,76.4,New,False,76.4,101.612,-0.16,-0.25,-0.29
1138188840,Amazon,183.51,New,SuperExpressDeals,103.05,New,False,103.05,137.0565,-0.44,-0.49,-0.52
1305581695,Kennys Bookshop & Art Gallery,150.82999999999996,New,apex_media,78.55,Used - Good,True,78.55,104.4715,-0.48,-0.53,-0.56
1133109632,Second Bind,128.95,New,ST MEDIA,77.88,Used - Good,True,77.88,103.5804,-0.4,-0.46,-0.49
1118721772,Amazon,78.76,New,Amazon,55.99,New,False,55.99,74.4667,-0.29,-0.36,-0.4
1337685054,Amazon,195.47,New,Amazon,141.02,New,False,141.02,187.55660000000003,-0.28,-0.35,-0.39
1492544809,Distant_books,73.76,Used - Like New,Amazon,74.0,New,False,74.0,98.42,0.0,-0.1,-0.15
1575060221,Amazon,75.95,New,Amazon,53.95,New,False,53.95,71.7535,-0.29,-0.36,-0.4
1936523302,Rcom Books,85.89999999999998,New,Perpetual Textbooks,62.94,Used - Very Good,True,62.94,83.7102,-0.27,-0.34,-0.38
0078023068,Amazon,165.95,New,MainBookGuys,93.85,Used - Acceptable,True,93.85,124.8205,-0.43,-0.49,-0.52
9814635502,Amazon,114.94,New,Amazon,79.1,New,False,79.1,105.20299999999999,-0.31,-0.38,-0.42
1627339248,Book Depository CA,73.45,New,Amazon,56.69,New,False,56.69,75.3977,-0.23,-0.31,-0.34
9283244931,Amazon,197.47,New,RentU,120.87,Used - Good,True,120.87,160.7571,-0.39,-0.45,-0.48
1316624056,Book Depository CA,71.52,New,Amazon,55.62,New,False,55.62,73.9746,-0.22,-0.3,-0.34
013413804X,iDeal Solutions,129.46,Used - Very Good,Amazon,61.39,Used - Acceptable,True,61.39,81.6487,-0.53,-0.57,-0.6
0312148399,Amazon,86.35,New,Mostly Tomatos,42.9,Used - Good,True,42.9,57.056999999999995,-0.5,-0.55,-0.58
1439837171,Amazon,76.39,New,Amazon,69.95,New,False,69.95,93.0335,-0.08,-0.18,-0.22
1305071743,Kennys Bookshop & Art Gallery,185.72,New,💲Value_Text📚,78.64,Used - Good,True,78.64,104.5912,-0.58,-0.62,-0.64
1260151948,Amazon,294.92,New,Perpetual Textbooks,77.27,Used - Very Good,True,77.27,102.7691,-0.74,-0.76,-0.78
0321762428,Neska Booklist,128.04,Used - Very Good,Brandts,94.55,Used - Acceptable,True,94.55,125.7515,-0.26,-0.34,-0.37
1426735855,Amazon,63.45,New,Amazon,56.94,New,False,56.94,75.7302,-0.1,-0.19,-0.24
1319103995,Gold1EnterpriseS,118.89,Used - Like New,apex_media,62.26,Used - Very Good,True,62.26,82.8058,-0.48,-0.53,-0.55
0132685779,Amazon,274.99,New,Crestwood Sales,113.95,Used - Acceptable,True,113.95,151.5535,-0.59,-0.63,-0.65
0736083308,Amazon,70.58,New,BuyLow Warehouse LLC,56.39,Used - Acceptable,True,56.39,74.9987,-0.2,-0.28,-0.32
013447869X,fakeDict,-99.0,something wrong happened,RockCityBooks,69.99,New,True,69.99,93.0867,-1.71,-1.64,-1.6
1598567497,Amazon,79.9,New,Amazon,53.18,New,False,53.18,70.7294,-0.33,-0.4,-0.43
1259277364,GTATEXTBOOKS (GREATER TORONTO AREA),206.93,Used - Like New,🎓 Graduation Station,97.69,Used - Good,True,97.69,129.92770000000002,-0.53,-0.58,-0.6
1316623998,Book Depository CA,68.34,New,Amazon,55.87,New,False,55.87,74.3071,-0.18,-0.26,-0.31
1259544982,Amazon,323.02,New,Books Kaizen,149.98,Used - Good,True,149.98,199.4734,-0.54,-0.58,-0.61
1098582780,Amazon,72.02,New,Amazon,55.0,New,False,55.0,73.15,-0.24,-0.31,-0.35
0134757920,Book Depository CA,163.7,New,Amazon,120.19,New,False,120.19,159.8527,-0.27,-0.34,-0.38
0073525367,fakeDict,-99.0,something wrong happened,Northernpeace,34.88,Used - Acceptable,True,34.88,46.39040000000001,-1.35,-1.32,-1.3
1464138745,CDN Media & More,249.99,Used - Good,RockCityBooks,179.7,Used - Acceptable,True,179.7,239.00099999999998,-0.28,-0.35,-0.39
128573856X,Amazon,50.84,New,FlippingPages,41.32,Used - Good,True,41.32,54.9556,-0.19,-0.27,-0.31
0890516588,Amazon,89.17,New,Amazon,63.25,New,False,63.25,84.1225,-0.29,-0.36,-0.4
1337559016,Amazon,149.95,New,apex_media,132.81,Used - Good,True,132.81,176.6373,-0.11,-0.2,-0.25
0935702997,fakeDict,-99.0,something wrong happened,GarciaForce,75.63,Used - Acceptable,True,75.63,100.5879,-1.76,-1.69,-1.65
1452257876,Amazon,91.95,New,Perpetual Textbooks,78.86,Used - Good,True,78.86,104.8838,-0.14,-0.23,-0.27
1108404626,Amazon,238.47,New,Amazon,173.15,New,False,173.15,230.28950000000003,-0.27,-0.35,-0.38
0321811054,Textbooks for Change,125.91,Used - Very Good,GeekWare,173.77,Used - Good,True,173.77,231.11410000000004,0.38,0.24,0.17
3848006901,Amazon,108.09,New,Amazon,71.62,New,False,71.62,95.2546,-0.34,-0.4,-0.44
1401294170,Amazon,125.07,New,Amazon,84.58,New,False,84.58,112.4914,-0.32,-0.39,-0.43
1439868131,Amazon,139.91,New,FlippingPages,92.41,Used - Good,True,92.41,122.9053,-0.34,-0.41,-0.44
1285052188,BLU-NEKO*CA,162.88,Used - Like New,CCRM Direct,44.97,Used - Very Good,True,44.97,59.8101,-0.72,-0.75,-0.77
1605357073,Second Bind,189.8,New,TAE General,112.0,Used - Very Good,True,112.0,148.96,-0.41,-0.47,-0.5
007054235X,Mountain Goats Books and Gifts,123.99,Used - Good,MorLo Finds,99.95,Collectible - Good,True,99.95,132.9335,-0.19,-0.27,-0.31
1337616664,Book Depository CA,165.25,New,💲Value_Text📚,104.89,Used - Good,True,104.89,139.5037,-0.37,-0.43,-0.46
0134454669,Amazon,130.0,New,Amazon,159.99,New,False,159.99,212.7867,0.23,0.11,0.05
151670021X,fakeDict,-99.0,something wrong happened,Mometrix Test Preparation,48.07,New,True,48.07,63.9331,-1.49,-1.44,-1.41
0134115856,Amazon,247.05,New,apex_media,120.73,Used - Good,True,120.73,160.57090000000005,-0.51,-0.56,-0.58
0134442776,Amazon,189.32,New,Perpetual Textbooks,76.61,Used - Very Good,True,76.61,101.8913,-0.6,-0.64,-0.66
1259545997,Amazon,103.09,New,SAN REMO BOOKS,99.95,Used - Very Good,True,99.95,132.9335,-0.03,-0.13,-0.18
0030105676,fakeDict,-99.0,something wrong happened,Perpetual Textbooks,94.94,Used - Very Good,True,94.94,126.2702,-1.96,-1.86,-1.82
1433648075,Christian Resources Canada,109.33,New,Lower-Christian-Prices,53.58,New,True,53.58,71.2614,-0.51,-0.56,-0.58
1260152642,Second Bind,165.15,New,Union Bookstore,53.83,New,True,53.83,71.5939,-0.67,-0.71,-0.72
0133895726,BLU-NEKO*CA,536.01,Used - Like New,RockCityBooks,135.97,Used - Good,True,135.97,180.8401,-0.75,-0.77,-0.78
1337094153,Second Bind,103.53,Used - Like New,Saddleback Treats,179.99,Used - Good,True,179.99,239.3867,0.74,0.56,0.48
1435453875,Amazon,152.95,New,Wholesale Textbooks Direct,60.23,Used - Acceptable,True,60.23,80.1059,-0.61,-0.65,-0.67
0393630749,Amazon,216.95,New,Bookadia-,155.37,New,False,155.37,206.64210000000003,-0.28,-0.36,-0.39
1462533612,Amazon,105.26,New,Amazon,93.99,New,False,93.99,125.0067,-0.11,-0.2,-0.24
1118457447,Amazon,182.12,New,FranklinMedia,86.75,Used - Acceptable,True,86.75,115.3775,-0.52,-0.57,-0.6
160535290X,Second Bind,139.65,New,MarketplaceCentral4You,49.99,Used - Very Good,True,49.99,66.48670000000001,-0.64,-0.68,-0.7
0321928296,Amazon,271.0,New,RockCityBooks,193.02,Used - Good,True,193.02,256.7166,-0.29,-0.36,-0.39
0205933769,Amazon,216.15,New,Zlerdun,60.56,Used - Good,True,60.56,80.54480000000002,-0.72,-0.75,-0.76
013471122X,Amazon,124.99,New,Amazon,89.57,New,False,89.57,119.1281,-0.28,-0.36,-0.39
1305657969,Kennys Bookshop & Art Gallery,126.8,New,SameDay Shipping Co.,79.99,Used - Very Good,True,79.99,106.3867,-0.37,-0.43,-0.46
8409078031,Amazon,65.14,New,Amazon,50.0,New,False,50.0,66.5,-0.23,-0.31,-0.35
1305094360,Amazon,189.51,New,M&S Pure Brands,75.6,Used - Good,True,75.6,100.54799999999999,-0.6,-0.64,-0.66
013702875X,Amazon,222.6,New,FlippingPages,98.29,Used - Good,True,98.29,130.72570000000002,-0.56,-0.6,-0.62
0471043729,Amazon,156.43,New,Ample Books,212.46,New,True,212.46,282.57180000000005,0.36,0.22,0.15
013217863X,GatewayMarket,154.95,Used - Good,Textbook_Dealz,80.55,Used - Good,True,80.55,107.1315,-0.48,-0.53,-0.56
130549962X,fakeDict,-99.0,something wrong happened,bookscheap46,85.99,Used - Very Good,True,85.99,114.3667,-1.87,-1.78,-1.74
0314612270,fakeDict,-99.0,something wrong happened,Amazon,70.0,New,False,70.0,93.1,-1.71,-1.64,-1.6
1610727797,fakeDict,-99.0,something wrong happened,Mometrix Test Preparation,48.07,New,True,48.07,63.9331,-1.49,-1.44,-1.41
0387955593,Amazon,158.5,New,ayvax,102.16,New,True,102.16,135.8728,-0.36,-0.42,-0.45
1401260098,Labyrinth Oakville Ontario,79.99,New,rlincoln1986,47.61,Used - Very Good,True,47.61,63.3213,-0.4,-0.46,-0.49
1483365247,Tangible,79.5,New,Jenson Books Inc,43.26,Used - Very Good,True,43.26,57.5358,-0.46,-0.51,-0.54
0300194951,Virtual_Books,71.18,Used - Like New,FlippingPages,37.02,Used - Acceptable,True,37.02,49.23660000000001,-0.48,-0.53,-0.56
1305578260,Amazon,170.87,New,💲Value_Text📚,63.17,Used - Good,False,63.17,84.01610000000002,-0.63,-0.67,-0.69
0691164797,Amazon,62.38,Used - Very Good,apex_media,47.9,Used - Good,True,47.9,63.707,-0.23,-0.31,-0.35
1284101509,Kennys Bookshop & Art Gallery,108.57,New,Perpetual Textbooks,72.1,Used - Very Good,True,72.1,95.89299999999999,-0.34,-0.4,-0.44
1118907272,Amazon,88.67,New,Amazon,72.01,New,False,72.01,95.7733,-0.19,-0.27,-0.31
1408882299,Book Depository CA,400.71,New,Amazon,443.92,New,False,443.92,590.4136000000002,0.11,-0.0,-0.06
1441995021,Book Shelf Canada,78.95,Used - Very Good,FlippingPages,41.25,Used - Good,True,41.25,54.8625,-0.48,-0.53,-0.56
0134767624,Amazon,186.23,New,RockCityBooks,185.16,Used - Acceptable,True,185.16,246.2628,-0.01,-0.11,-0.15
1412959039,Amazon,109.53,New,3Finnz,49.12,Used - Good,True,49.12,65.3296,-0.55,-0.6,-0.62
0312644884,Amazon,137.56,New,HigherEdBooks5,79.08,Used - Good,True,79.08,105.1764,-0.43,-0.48,-0.51
0134678826,Niche_Books,200.05,New,Half-Price Hank's Books,79.97,Used - Very Good,True,79.97,106.3601,-0.6,-0.64,-0.66
1305577205,Virtual_Books,105.68,New,"The Book Hive, LLC 🐝",97.43,Used - Good,True,97.43,129.58190000000002,-0.08,-0.17,-0.22
0815344503,Shoh Case,115.0,Used - Good,FlippingPages,76.39,Used - Good,True,76.39,101.5987,-0.34,-0.4,-0.44
0738743348,Amazon,82.4,New,RentU,48.89,Used - Good,True,48.89,65.0237,-0.41,-0.47,-0.5
0899421652,Amazon,92.04,New,RentU,75.65,Used - Like New,True,75.65,100.6145,-0.18,-0.26,-0.3
0134746759,Amazon,216.65,New,Amazon,164.48,New,False,164.48,218.7584,-0.24,-0.32,-0.35
007249302X,Amazon,123.95,New,Books Kaizen,70.47,Used - Good,True,70.47,93.7251,-0.43,-0.49,-0.52
1259398625,Virtual_Books,192.41,Used - Like New,Perpetual Textbooks,121.96,Used - Very Good,True,121.96,162.2068,-0.37,-0.43,-0.46
1683440579,Book Depository CA,78.6,New,Amazon,52.4,New,False,52.4,69.69200000000001,-0.33,-0.4,-0.43
0134089081,Textbooks for Change,131.25,Used - Good,Books In Demand,109.19,Used - Good,True,109.19,145.2227,-0.17,-0.25,-0.29
0134394194,University of Toronto Bookstore,173.64,New,"Books, Books, And more Books.",140.0,Used - Good,True,140.0,186.2,-0.19,-0.27,-0.31
0190618353,Amazon,219.95,New,Spot Light Media,141.83,Used - Acceptable,True,141.83,188.63390000000004,-0.36,-0.42,-0.45
130595677X,Book Depository CA,73.72,New,FranklinMedia,62.85,Used - Good,True,62.85,83.5905,-0.15,-0.23,-0.28
0321804414,BLU-NEKO*CA,396.49,Used - Like New,KylePNW,86.86,Used - Acceptable,True,86.86,115.5238,-0.78,-0.8,-0.81
1506358454,Book Depository CA,118.99,New,apex_media,93.12,New,True,93.12,123.8496,-0.22,-0.3,-0.33
160971699X,Amazon,99.97,New,Mometrix Test Preparation,66.84,New,True,66.84,88.89720000000001,-0.33,-0.4,-0.43
1259870227,BLU-NEKO*CA,163.73,Used - Like New,Unleash-Inc,98.32,New,True,98.32,130.7656,-0.4,-0.46,-0.49
3319134663,Amazon,94.49,New,apex_media,60.56,Used - Acceptable,True,60.56,80.54480000000002,-0.36,-0.42,-0.46
0132931281,NicPit,149.91,Used - Good,apex_media,94.08,Used - Good,True,94.08,125.1264,-0.37,-0.44,-0.47
1305657861,Amazon,199.95,New,Deal Dreamin',83.89,Used - Very Good,True,83.89,111.5737,-0.58,-0.62,-0.64
0806320761,Amazon,99.62,New,Amazon,75.0,New,False,75.0,99.75,-0.25,-0.32,-0.36
1435469569,fakeDict,-99.0,something wrong happened,Fifty Nifty Deals,46.83,Used - Good,True,46.83,62.2839,-1.47,-1.43,-1.4
0073532371,Distant_books,177.55,New,NovelBox,49.99,Used - Acceptable,True,49.99,66.48670000000001,-0.72,-0.75,-0.76
0132342987,Geeky Beaver Canada,44.82,Used - Good,Crestwood Sales,60.0,Used - Good,True,60.0,79.80000000000003,0.34,0.2,0.14
1319008372,Amazon,155.04,New,Momma's Media,44.98,Used - Good,True,44.98,59.8234,-0.71,-0.74,-0.75
1464187967,Amazon,240.53,New,Cheaper College  Books,118.98,Used - Good,False,118.98,158.2434,-0.51,-0.55,-0.58
0137152043,Amazon,120.29,New,Jenson Books Inc,65.09,Used - Good,True,65.09,86.56970000000003,-0.46,-0.51,-0.54
1284152456,Book Depository CA,104.97,New,Half-Price Hank's Books,69.77,Used - Very Good,True,69.77,92.7941,-0.34,-0.4,-0.44
1506308104,Book Depository CA,96.85,New,Collectiblecounty,35.99,Used - Very Good,True,35.99,47.86670000000001,-0.63,-0.67,-0.68
1259823997,BLU-NEKO*CA,328.87,Used - Like New,Tome Dealers,105.65,Used - Acceptable,True,105.65,140.51450000000003,-0.68,-0.71,-0.73
1119340578,Amazon,180.95,New,Green Book Savers,164.97,Used - Good,True,164.97,219.4101,-0.09,-0.18,-0.23
0878936025,Amazon,199.7,New,PRO_Everything,139.99,Used - Like New,True,139.99,186.18670000000003,-0.3,-0.37,-0.4
0321814630,Amazon,226.73,New,eCampus_,90.18,Used - Good,True,90.18,119.93940000000002,-0.6,-0.64,-0.66
0199754039,Amazon,82.95,New,Amazon,79.6,New,False,79.6,105.868,-0.04,-0.14,-0.18
1319088708,Caper Books,104.49,Used - Very Good,Amazon,74.99,New,False,74.99,99.7367,-0.28,-0.35,-0.39
0323073557,Prestivo3,339.12,New,itemspopularsonlineaindemand,248.94,New,True,248.94,331.0902000000001,-0.27,-0.34,-0.38
0134161149,Amazon,219.72,New,apex_media,136.47,Used - Acceptable,True,136.47,181.5051,-0.38,-0.44,-0.47
1319089712,Amazon,148.73,New,Perpetual Textbooks,46.97,Used - Very Good,True,46.97,62.4701,-0.68,-0.72,-0.73
0716798972,BLU-NEKO*CA,132.14,Used - Good,FlippingPages,59.43,Used - Good,True,59.43,79.0419,-0.55,-0.6,-0.62
0809140667,Amazon,107.95,New,Books In Demand,67.69,Used - Good,True,67.69,90.0277,-0.37,-0.44,-0.47
1107016657,Amazon,91.95,New,RentU,58.94,Used - Good,True,58.94,78.39020000000002,-0.36,-0.42,-0.46
1412979471,Amazon,114.94,New,FlippingPages,71.14,Used - Good,True,71.14,94.6162,-0.38,-0.44,-0.47
0134497171,Amazon,248.67,New,Books In Demand,117.84,Used - Acceptable,True,117.84,156.7272,-0.53,-0.57,-0.6
145226094X,Amazon,67.81,New,Amazon,52.98,New,False,52.98,70.4634,-0.22,-0.3,-0.34
1506315135,Amazon,108.66,New,bookscheap46,78.32,Used - Acceptable,True,78.32,104.1656,-0.28,-0.35,-0.39
148337873X,Amazon,125.95,New,RentU,71.01,Used - Good,True,71.01,94.4433,-0.44,-0.49,-0.52
1498777805,Amazon,41.93,New,Amazon,82.2,New,False,82.2,109.326,0.96,0.76,0.67
1609189752,Textbooks for Change,67.03,Used - Good,Amazon,67.47,New,False,67.47,89.7351,0.01,-0.09,-0.14
0195396154,Amazon,152.47,New,Amazon,65.43,New,False,65.43,87.02190000000002,-0.57,-0.61,-0.64
1260041794,Amazon,138.43,New,Perpetual Textbooks,123.95,New,True,123.95,164.85350000000003,-0.1,-0.19,-0.24
0134656563,fakeDict,-99.0,something wrong happened,Amazon,72.17,New,False,72.17,95.9861,-1.73,-1.66,-1.62
1305080467,Distant_books,105.23,New,apex_media,70.78,Used - Good,True,70.78,94.1374,-0.33,-0.39,-0.43
0134145933,fakeDict,-99.0,something wrong happened,apex_media,139.7,New,True,139.7,185.801,-2.41,-2.27,-2.2
0134243064,Amazon,104.0,New,FlippingPages,66.31,Used - Good,True,66.31,88.1923,-0.36,-0.43,-0.46
0133311619,Amazon,230.41,New,FlippingPages,112.37,Used - Good,True,112.37,149.4521,-0.51,-0.56,-0.59
162980018X,fakeDict,-99.0,something wrong happened,Perpetual Textbooks,73.94,Used - Very Good,True,73.94,98.3402,-1.75,-1.67,-1.63
0321989392,Amazon,203.95,New,Perpetual Textbooks,55.89,Used - Acceptable,True,55.89,74.33370000000002,-0.73,-0.75,-0.77
1610728521,Book Depository CA,108.32,New,Amazon,74.24,New,False,74.24,98.7392,-0.31,-0.38,-0.42
0134860225,textbooks canada,80.78999999999998,New,collegebook4u,50.0,Used - Like New,True,50.0,66.5,-0.38,-0.44,-0.47
0134858514,Amazon,199.95,New,Beanie Books,159.99,Used - Very Good,True,159.99,212.7867,-0.2,-0.28,-0.32
1558291806,Christian Resources Canada,86.58999999999997,New,Amazon,94.0,New,False,94.0,125.02,0.09,-0.02,-0.08
160032973X,fakeDict,-99.0,something wrong happened,apex_media,94.69,Used - Good,True,94.69,125.9377,-1.96,-1.86,-1.81
0840058012,Hinoyama#CA,250.47,Used - Good,Foxton Co.,139.43,Used - Very Good,True,139.43,185.44190000000003,-0.44,-0.5,-0.53
1319058256,Amazon,122.93,New,Perpetual Textbooks,74.35,Used - Acceptable,True,74.35,98.8855,-0.4,-0.46,-0.49
1118324560,Amazon,169.26,New,QualityDiscounts402,155.0,Used - Good,True,155.0,206.15,-0.08,-0.18,-0.22
1337275360,Amazon,170.07,New,-Book$Run Textbooks-,99.7,Used - Good,False,99.7,132.601,-0.41,-0.47,-0.5
0876298226,Amazon,94.0,New,Amazon,73.45,New,False,73.45,97.6885,-0.22,-0.3,-0.34
1133311180,Goodwill Store 2024,45.5,Used - Good,Crestwood Sales,40.0,Used - Good,True,40.0,53.2,-0.12,-0.21,-0.25
1305071735,fakeDict,-99.0,something wrong happened,book_mark,88.0,Used - Good,True,88.0,117.04,-1.89,-1.8,-1.76
1412979625,Prestivo3,107.94,New,apex_media,44.69,Used - Good,True,44.69,59.4377,-0.59,-0.63,-0.65
0073386456,fakeDict,-99.0,something wrong happened,SolusSeller,44.33,Used - Good,True,44.33,58.9589,-1.45,-1.4,-1.38
1118581784,Amazon,110.9,New,Amazon,123.01,New,False,123.01,163.60330000000005,0.11,-0.0,-0.06
1461478669,Amazon,60.08,New,itemspopularsonlineaindemand,51.72,New,True,51.72,68.7876,-0.14,-0.23,-0.27
1849736707,Second Bind,122.07,Used - Like New,Stella's Place,95.99,Used - Good,True,95.99,127.6667,-0.21,-0.29,-0.33
0393631796,Amazon,195.95,New,💲Value_Text📚,84.12,Used - Very Good,True,84.12,111.8796,-0.57,-0.61,-0.64
039363180X,Amazon,139.95,New,Shopvintage Store,67.94,Used - Good,True,67.94,90.3602,-0.51,-0.56,-0.59
1680312383,Amazon,91.92,New,FranklinMedia,56.98,Used - Acceptable,True,56.98,75.7834,-0.38,-0.44,-0.47
130510790X,Mountain Goats Books and Gifts,129.99,Used - Good,🕗 24HourTextBooks 🕗,54.44,Used - Acceptable,True,54.44,72.40520000000002,-0.58,-0.62,-0.64
013439710X,Amazon,166.22,New,Amazon,118.48,New,False,118.48,157.57840000000004,-0.29,-0.36,-0.39
0321643755,TextbooksMarket,122.99,Used - Good,Perpetual Textbooks,72.74,Used - Acceptable,True,72.74,96.7442,-0.41,-0.47,-0.5
1138052167,Amazon,149.81,New,Amazon,140.6,New,False,140.6,186.998,-0.06,-0.16,-0.2
1119343739,Amazon,158.88,New,pefki books,169.99,Used - Like New,True,169.99,226.08670000000004,0.07,-0.04,-0.09
1118531779,Feds Used Books,100.64,Used - Very Good,FlippingPages,61.3,Used - Good,True,61.3,81.529,-0.39,-0.45,-0.48
013449718X,University of Toronto Bookstore,228.37,New,apex_media,107.04,Used - Good,True,107.04,142.3632,-0.53,-0.58,-0.6
0073534366,Amazon,92.95,New,vikbuyredux,59.95,Used - Acceptable,True,59.95,79.7335,-0.36,-0.42,-0.45
0134119975,fakeDict,-99.0,something wrong happened,better books quality,38.0,Used - Very Good,True,38.0,50.540000000000006,-1.38,-1.35,-1.33
1464110689,readmoresam43,136.02,Used - Very Good,Half-Price Hank's Books,78.11,Used - Very Good,True,78.11,103.8863,-0.43,-0.48,-0.51
0300167717,Amazon,83.66,New,Amazon,63.7,New,False,63.7,84.721,-0.24,-0.31,-0.35
0895826291,Amazon,96.71,New,Amazon,79.95,New,False,79.95,106.33350000000002,-0.17,-0.26,-0.3
0804784507,Amazon,94.0,New,Amazon,75.0,New,False,75.0,99.75,-0.2,-0.28,-0.32
0134675479,Amazon,198.22,New,BEST STUFF AROUND,95.98,Used - Good,True,95.98,127.65340000000002,-0.52,-0.56,-0.59
1118886143,Second Bind,112.8,Used - Like New,Amazon,122.95,New,False,122.95,163.5235,0.09,-0.02,-0.07
0198612583,Amazon,293.48,New,Book Worm Book Sales,111.0,Used - Good,True,111.0,147.63,-0.62,-0.66,-0.68
0321979400,fakeDict,-99.0,something wrong happened,FranklinMedia,114.77,Used - Acceptable,True,114.77,152.6441,-2.16,-2.04,-1.99
1285052080,BLU-NEKO*CA,141.36,Used - Like New,Amazon,170.74,New,False,170.74,227.08420000000004,0.21,0.09,0.03
1610726774,Book Depository CA,89.2,New,Tome Dealers,50.07,Used - Good,True,50.07,66.5931,-0.44,-0.49,-0.52
1259636380,Amazon,229.33,New,Bargain Lenders,59.99,Used - Acceptable,True,59.99,79.78670000000002,-0.74,-0.76,-0.78
1770859624,Amazon,90.09,New,Amazon,60.99,New,False,60.99,81.11670000000002,-0.32,-0.39,-0.42
0135167450,University of Toronto Bookstore,200.0,New,Clearcreek Bookstore,127.99,Used - Good,True,127.99,170.2267,-0.36,-0.42,-0.46
1319117805,Amazon,44.64,New,MiaBellaGSD,81.69,Used - Good,True,81.69,108.6477,0.83,0.65,0.56
1285060288,Alfredo's General Store,73.28999999999998,Used - Good,The Glory Bee,64.39,Used - Very Good,True,64.39,85.6387,-0.12,-0.21,-0.25
0134753119,Amazon,185.95,New,STANZA,140.25,Used - Acceptable,True,140.25,186.5325,-0.25,-0.32,-0.36
1285733606,Amazon,245.95,New,Jenson Books Inc,48.07,Used - Very Good,True,48.07,63.9331,-0.8,-0.82,-0.83
0718009827,Amazon,60.05,New,Amazon,51.88,New,False,51.88,69.00040000000001,-0.14,-0.22,-0.27
1452275793,fakeDict,-99.0,something wrong happened,eCampus_,48.34,Used - Good,True,48.34,64.29220000000001,-1.49,-1.44,-1.42
130507937X,Kennys Bookshop & Art Gallery,175.79999999999995,New,THE MEDIA MONKEY,85.95,Used - Acceptable,True,85.95,114.3135,-0.51,-0.56,-0.58
1337280941,Amazon,133.6,New,Abundance Booksellers,50.91,Used - Acceptable,True,50.91,67.7103,-0.62,-0.66,-0.68
1305497910,Books 4 All The World,130.0,Used - Good,apex_media,66.49,New,True,66.49,88.43169999999998,-0.49,-0.54,-0.57
3319917544,Book Depository CA,83.29,New,BooksNmoreFBA,58.99,Used - Good,True,58.99,78.45670000000001,-0.29,-0.36,-0.4
0702071544,Book Depository CA,94.02,New,Amazon,75.25,New,False,75.25,100.0825,-0.2,-0.28,-0.32
1452203490,Amazon,134.03,New,Amazon,98.45,New,False,98.45,130.9385,-0.27,-0.34,-0.38
1617119318,Amazon,151.95,New,apex_media,91.03,Used - Acceptable,True,91.03,121.0699,-0.4,-0.46,-0.49
0132368978,Amazon,153.5,New,"Niche Market Brands, LLC",120.99,Used - Very Good,True,120.99,160.9167,-0.21,-0.29,-0.33
0134403398,BLU-NEKO*CA,273.43,Used - Like New,Amazon,117.32,New,False,117.32,156.0356,-0.57,-0.61,-0.64
1337399426,Book Depository CA,131.68,New,BrillantBudget,99.95,Used - Very Good,True,99.95,132.9335,-0.24,-0.32,-0.35
0073383171,Second Bind,144.73,Used - Like New,Book Nation,106.99,Used - Good,True,106.99,142.2967,-0.26,-0.33,-0.37
1319056296,Amazon,98.96,New,Pronto Products 4 U,55.59,Used - Like New,True,55.59,73.9347,-0.44,-0.49,-0.52
1284090507,Amazon,134.95,New,Screamer20,59.54,Used - Good,True,59.54,79.18820000000002,-0.56,-0.6,-0.62
1598561634,Amazon,69.02,New,Amazon,44.93,Used - Very Good,True,44.93,59.7569,-0.35,-0.41,-0.45
0812240030,Amazon,101.06,New,Amazon,67.95,New,False,67.95,90.3735,-0.33,-0.39,-0.43
1452256683,Amazon,132.99,New,FlippingPages,49.82,Used - Good,True,49.82,66.26060000000001,-0.63,-0.66,-0.68
089189649X,Book Depository CA,124.82,New,RentU,84.47,Used - Good,True,84.47,112.3451,-0.32,-0.39,-0.42
1610729811,Book Depository CA,76.92,New,The Common Page,51.02,Used - Very Good,True,51.02,67.85660000000001,-0.34,-0.4,-0.44
0078034957,fakeDict,-99.0,something wrong happened,Retro Resellerz,60.69,Used - Acceptable,True,60.69,80.71770000000002,-1.61,-1.55,-1.52
0201763907,fakeDict,-99.0,something wrong happened,Couth Enterprises,90.0,Used - Acceptable,True,90.0,119.7,-1.91,-1.82,-1.77
